SampleID,WH,SK,DB02,DB01,JB01,SR02,SR03,SR01,KG02,KG01,KB03,BOK,SW08,H21,BB23,BB36,BP01,BP02,GDY,BP03,WG01,WG02,GB96,EG01,EG02,LL17,IU7,FIN
WH,5.109300955176637e-25,6.94576150315354e-23,4.3502289573736035e-20,6.419890071919543e-22,1.990049640462038e-23,5.507551855456891e-24,4.031261285424093e-25,1.4045832941674747e-24,7.081175243671488e-26,1.871705595039362e-27,1.3173190760467102e-29,3.0227616502836345e-31,8.309902592483262e-31,2.0430491954115822e-30,4.294541029848181e-33,1.6527160050203477e-33,3.266068355934746e-35,2.0752991877544742e-38,3.0940810912750185e-36,1.2422470247238865e-38,8.43410946196475e-40,9.755674042236709e-43,6.539307683851837e-42,3.2491905542723996e-44,1.6891775399798263e-44,5.7967305301422596e-46,1.8766781571904836e-48,6.839344068354859e-50
SK,8.963510925274673e-24,1.3166329480553303e-21,8.24639664109685e-19,1.2169695128861102e-20,3.7723852735346824e-22,1.0440246799107264e-22,7.641758131421393e-24,2.662563126630023e-23,1.3423292840976405e-24,3.548112911071132e-26,2.4972631506079968e-28,5.731043183254543e-30,1.5753536760075654e-29,3.8730156268588233e-29,8.142300767099587e-32,3.1335337227464766e-32,6.195442559471417e-34,3.941607367651751e-37,5.869311594730452e-35,2.3582544564715574e-37,1.601898303227651e-38,1.8585889922967422e-41,1.245121961771183e-40,6.2581199187949955e-43,3.2211887232623167e-43,1.120634723698866e-44,3.967281643907014e-47,1.4427026011337887e-48
DB02,1.1495027470484763e-22,1.6885021779110256e-20,1.0575519143953448e-17,1.5606918933181122e-19,4.8378624795254744e-21,1.3389003420783681e-21,9.800107328935984e-23,3.4145814834227283e-22,1.7214633885498432e-23,4.550333433343451e-25,3.2028297671708852e-27,7.352674686340451e-29,2.0205434520764997e-28,4.96721383892991e-28,1.0446038560531176e-30,4.0202834772612045e-31,7.964949346875319e-33,5.1162943978591336e-36,7.547061902989344e-34,3.049619612729693e-36,2.0794123211689338e-37,2.4787327872353048e-40,1.6543851744674006e-39,8.690503521359036e-42,4.308010366369151e-42,1.5686122267228028e-43,5.679831482170932e-46,2.0680111536013222e-47
DB01,3.988365866161298e-28,5.858502542404205e-26,3.669329348874051e-23,5.415070180189824e-25,1.679124454228246e-26,4.7632522060702074e-27,4.285257206852855e-28,1.6534181241171456e-27,8.520738364989092e-28,1.6293979667590274e-28,5.438615355990685e-30,8.649824287674205e-31,6.232277304319079e-31,6.6054664659846955e-31,1.1169476257968925e-32,4.86021071240943e-33,7.826310390166974e-34,3.840908579945355e-36,8.409259204165516e-35,1.4576897139659227e-36,1.5757996771713349e-37,9.674703038203897e-40,5.545127715815966e-39,1.1958854952964768e-40,2.0380850430108185e-41,2.59086500513129e-42,3.763605157696223e-44,1.3491436603494414e-45
JB01,1.2298549379132521e-31,1.8065320106976146e-29,1.1314770409754934e-26,1.6703128008147812e-28,1.2476286623518927e-29,2.123655278014913e-28,1.677905526891273e-28,9.439516487459596e-28,1.8942564892907733e-27,3.944004476824032e-28,1.4094781733432964e-29,2.4495323627974453e-30,1.677042535111367e-30,1.6867365875070202e-30,3.0721123085620817e-32,1.3486558325775802e-32,2.524744506810835e-33,1.597454851279873e-35,2.8214317568965196e-34,5.74382546762469e-36,6.5869871732034435e-37,5.32570842909509e-39,2.925697718581912e-38,8.961309466430835e-40,1.2618393649374184e-40,2.0724466502136992e-41,5.003396679738572e-43,1.7554649856456803e-44
SR02,1.411418323648334e-34,2.073236953989044e-32,1.2985220510783828e-29,2.198363007866233e-31,5.7007696337790864e-30,1.6488789064605924e-28,1.3136157084892964e-28,7.411364630253672e-28,1.497511479765297e-27,3.1204319121095254e-28,1.1178849200673078e-29,1.9496961969644378e-30,1.3321167260822062e-30,1.3369885399677054e-30,2.4421700632260634e-32,1.0725054233719603e-32,2.0199290521573652e-33,1.2889451837922177e-35,2.2606076766522753e-34,4.627484054592546e-36,5.315523584993822e-37,4.3248997153951884e-39,2.374349555810947e-38,7.306198302911715e-40,1.0261049274929733e-40,1.6901127719536214e-41,4.083655873249621e-43,1.432845573463577e-44
SR03,1.13635096057334e-34,1.6691906196936426e-32,1.0454575525309829e-29,1.8328053429493452e-31,5.639797640320506e-30,1.6275165022021118e-28,1.287173131877584e-28,7.195835699447036e-28,1.421146529311949e-27,2.9529876390970788e-28,1.0475014745870048e-29,1.798125200591387e-30,1.2400156188965112e-30,1.2560046731420352e-30,2.2665966935592098e-32,9.937245229770717e-33,1.8132844867515587e-33,1.0826084418899902e-35,2.007225802967528e-34,3.951273951915133e-36,4.45633663259706e-37,3.339966991859944e-39,1.862668166413895e-38,5.093557227989254e-40,7.556284861799424e-41,1.145391010272758e-41,2.2478583643965492e-43,7.985890012189099e-45
SR01,6.17025597850918e-35,9.063537442836017e-33,5.676736129291451e-30,1.4656833260340224e-31,1.3953181397341936e-29,4.0599006259582825e-28,3.2823735858834333e-28,1.8856425793562066e-27,3.9769602806223565e-27,8.329310794652475e-28,3.0390454847305026e-29,5.457570418871894e-30,3.6660160812987426e-30,3.617462695676362e-30,6.755371856084274e-32,2.9758900568144284e-32,5.936797054916993e-33,4.25683711285763e-35,6.782456457479344e-34,1.484891990323709e-35,1.761392715460479e-36,1.6299626047243152e-38,8.730623897737015e-38,3.1636840903066695e-39,4.154802916083053e-40,7.594189014289041e-41,2.2822028369342744e-42,7.911336761243974e-44
KG02,5.901585752245637e-36,8.669129391668042e-34,5.429842556337163e-31,2.085315095484311e-31,5.507383215216564e-29,1.6202315157823323e-27,1.350503533640352e-27,8.039684849266864e-27,1.8323257008443e-26,3.870862834413908e-27,1.4595534390118952e-28,2.7621115275676677e-29,1.7999858478977535e-29,1.722268074822612e-29,3.342820662060306e-31,1.4807736646935683e-31,3.2780055205678175e-32,2.918671006568041e-34,3.909699542449536e-33,9.606613470260542e-35,1.2173365287040283e-35,1.4059447018333063e-37,7.1643390019375265e-37,3.3943213758814e-38,4.15649755886083e-39,8.789855676164113e-40,3.76858200318129e-41,1.2693620259928392e-42
KG01,7.975145052646059e-37,1.171599335986031e-34,7.338847836869002e-32,1.312082163267972e-31,3.666088951377584e-29,1.0798532154182953e-27,9.031172162208872e-28,5.3967908978314816e-27,1.2395719471430472e-26,2.620899776514067e-27,1.0087322153128393e-28,2.002476633843006e-29,1.2674996819363383e-29,1.1817069620460252e-29,2.3527104633966367e-31,1.04765717535267e-31,2.654565611060203e-32,3.543963769286537e-34,3.4953731200165695e-33,1.0223216281247404e-34,1.5113699404438543e-35,2.520284963968251e-37,1.1595390044024477e-36,8.202039990312965e-38,9.816222500439917e-39,2.417915569465959e-39,1.5658660317881527e-40,5.073636473157484e-42
KB03,6.298574638988352e-40,9.255694051937072e-38,5.80054252157908e-35,7.428054815675175e-34,2.3262979028984765e-31,6.893783459330609e-30,5.877165643083187e-30,3.5974268204970927e-29,8.693337409946658e-29,1.9161004363188216e-29,3.021456465499537e-29,2.036502521214717e-29,7.300860609728599e-30,2.236989532015373e-30,1.1693504516841125e-31,5.778519357937523e-32,4.2664596155876695e-32,1.0975040149149665e-33,7.138924870916535e-33,2.886717191027192e-34,4.721800729977279e-35,9.17987216573023e-37,4.179714917075007e-36,3.093116521657674e-37,3.587849307178338e-38,8.972085177128276e-39,5.525378875772367e-40,1.8062046759067537e-41
BOK,4.0949226072222776e-40,6.01736620440098e-38,3.771044942678832e-35,4.863293895379274e-34,1.5437744471346236e-31,4.578594097149312e-30,3.9146943476879105e-30,2.4055358838397756e-29,5.861728879175331e-29,1.3058707385833422e-29,2.6139111655178056e-29,1.7839630452243473e-29,6.326836809128502e-30,1.915998793334639e-30,9.855861827374313e-32,4.8509787948786957e-32,3.4171431757138657e-32,8.386268437027258e-34,5.6016106909058705e-33,2.2316940588409864e-34,3.6015116669465e-35,6.856837512077181e-37,3.139922739455583e-36,2.2789102910216498e-37,2.6430347261022795e-38,6.573633015933219e-39,3.984248982119968e-40,1.30457894222167e-41
SW08,4.218840834519349e-39,6.198861618627893e-37,3.883952509480128e-34,2.7020769608703732e-33,7.937724624084267e-31,2.343463492381741e-29,1.9730062969053183e-29,1.188173023345783e-28,2.7728073553521242e-28,5.892657921017783e-29,9.988101832267066e-30,5.676982780072268e-30,2.2150498485204597e-30,9.009215681777683e-31,5.90737343565706e-32,3.186900358781553e-32,5.443566325883415e-32,2.7078596025077866e-33,1.2591351481101454e-32,5.95775229230677e-34,1.2012965795245646e-34,3.001751469606576e-36,1.2534314021508693e-35,1.187287215912845e-36,1.4228216911129268e-37,3.762335253491238e-38,2.8623547782650776e-39,9.145723902623526e-41
H21,6.9479024289413584e-40,1.021114079910088e-37,6.40022662904423e-35,9.301439220361116e-34,2.772833160405314e-31,8.19200415613647e-30,6.910576188144093e-30,4.170743763466404e-29,9.774841073044691e-29,2.0768972246847824e-29,2.4741645458869256e-30,1.2628646922572413e-30,5.522711550720066e-31,3.0927408742771878e-31,7.820985605002406e-32,5.257273182554978e-32,2.4407304632516965e-31,2.1901395683424492e-32,8.226339446983681e-32,3.917446144480292e-33,1.0174895996309496e-33,3.1074990483984203e-35,1.1569515637679224e-34,1.3950777753747265e-35,1.897858362170397e-36,5.127788126008936e-37,5.232317207583974e-38,1.5898329142133773e-39
BB23,4.351333377670115e-45,6.440329525385825e-43,4.12650837458909e-40,3.1725165416592426e-37,1.185642114568255e-34,3.547456966676088e-33,3.11821062849121e-33,1.9792408464221454e-32,5.121984975560725e-32,1.1626034062326775e-32,6.224663529358126e-33,3.1533427307342576e-33,3.39694926237006e-33,1.2448793454676965e-32,3.971554988054529e-31,3.2096216049778277e-31,2.5433102596109183e-30,3.8219967240363555e-31,9.32053517443757e-31,5.000663553094902e-32,1.9202908889844607e-32,6.810580054894907e-34,2.182947694866973e-33,3.210896466606971e-34,5.308085615403104e-35,1.4357058072731524e-35,1.9087221342097093e-36,5.465089090348861e-38
BB36,5.0014757219312745e-43,7.363312500014646e-41,4.632749085330604e-38,5.2428162726144206e-36,1.7020716294327965e-33,5.052067881891141e-32,4.322366911132498e-32,2.6524080616782187e-31,6.425863950166612e-31,1.3834810206924316e-31,3.3275400062431427e-32,1.8130476384100302e-32,1.0832337115733565e-32,1.8125793636131328e-32,4.062827089852313e-31,3.2746439837533966e-31,2.5823486425443457e-30,3.965156210106044e-31,2.0363949630648647e-30,6.682736693751575e-32,1.8876311186084635e-32,6.6551677854371045e-34,2.2957380167416943e-33,3.3419833629993557e-34,5.241051310990352e-35,1.392115126954759e-35,1.836534345501753e-36,5.267046509175798e-38
BP01,1.5903289942862497e-45,2.3558840271062434e-43,1.5160719633629881e-40,1.4975832721818248e-37,5.93472810750544e-35,1.781680954045469e-33,1.5897823927196928e-33,1.0322951112331278e-32,2.802479442749478e-32,7.023740260959296e-33,5.635669869221842e-33,2.4394624605299756e-33,4.997587094105887e-33,3.4337945624143797e-32,1.5650576837646805e-30,1.3251831438466697e-30,1.2111549820513912e-29,2.907092663796077e-30,2.423156555701803e-30,2.361269257034621e-31,1.63476837651831e-31,6.445683628179512e-33,1.7310564255151246e-32,2.977671785857332e-33,6.230530324899293e-34,1.6745722994598892e-34,2.794154076110533e-35,7.505883946048217e-37
BP02,1.3621823150139153e-47,2.0473108240735832e-45,1.448225994034084e-42,9.674277163037823e-39,5.116398408427379e-36,1.5577966585983536e-34,1.4888543029950317e-34,1.076007116824845e-33,3.604962107638399e-33,1.4684525720278687e-33,2.2217178765708845e-33,6.8067436077550276e-34,3.490087267249826e-33,4.338060117484627e-32,3.0306876226667138e-30,2.7619776517346105e-30,3.9233451665650095e-29,6.646529019288194e-29,3.026814469270211e-30,4.93438109235472e-31,3.2646591175482956e-31,1.0860795100945183e-32,4.168835141973234e-31,8.997522916648623e-32,1.0095299330503628e-32,3.726952624496797e-34,5.325046788965249e-35,1.488529817101325e-36
GDY,7.114441948521353e-49,1.069301880646485e-46,7.567098125793789e-44,5.089274009463377e-40,2.7027843974577383e-37,8.230777201350447e-36,7.876658994948159e-36,5.707324154236424e-35,1.9235111751448372e-34,8.019037244132917e-35,1.222449786964712e-34,3.685595157408575e-35,1.961354458387156e-34,2.5333049523763677e-33,1.8421041980806757e-31,1.6924348380060424e-31,2.540146973639819e-30,1.5684819256081829e-30,6.677327870849463e-29,1.062490082922425e-30,7.029004440375587e-33,1.8895723052929129e-34,1.1415634046523321e-32,1.7155976519919982e-33,1.053968638188968e-34,3.9391649684801203e-36,4.12602105557078e-37,1.2326784849773453e-38
BP03,3.527963377279675e-48,5.231994976729938e-46,3.410748245171873e-43,7.53784294651095e-40,4.375050286013937e-37,1.3374810666687307e-35,1.32113589112893e-35,1.0193388280514707e-34,3.898414853206407e-34,2.2651017348761375e-34,3.8265121593796855e-34,9.613759955831527e-35,7.366882201313917e-34,1.1353486407905447e-32,9.112960035883695e-31,8.484267750493334e-31,1.351465637435907e-29,2.721150715378567e-29,1.6535559161252654e-29,2.745742860453582e-30,8.08518277275211e-32,2.3166054047941316e-33,1.8493888785743023e-31,4.2595692516676203e-32,5.140490326066004e-33,1.1878018411149655e-34,1.5888080759828505e-35,4.540711896391854e-37
WG01,6.681008218272337e-48,1.0036333187410216e-45,7.076182777993018e-43,4.593589045428096e-39,2.4343885621051758e-36,7.412978747705563e-35,7.093710775685561e-35,5.1442937737184395e-34,1.740285680290037e-33,7.4644905317225995e-34,1.1429702953095444e-33,3.3686945823651653e-34,1.891105855784754e-33,2.605530873849589e-32,3.46798831336712e-30,1.8858175059365663e-30,2.718652867098155e-29,3.070790785871587e-29,1.0535169747298402e-30,2.256910502818644e-31,1.2652326640926227e-28,5.853766989707963e-30,1.658545139549937e-31,4.589365705758911e-32,5.452293560117636e-31,2.084382611737491e-31,4.817746381471654e-32,1.1641855759773587e-33
WG02,2.505749593146927e-50,3.8456598742389304e-48,3.557214910521448e-45,1.0925268158680435e-40,7.966466210718951e-38,2.4549619666481403e-36,2.5282159571875583e-36,2.0728355610688844e-35,8.687066532568503e-35,5.845132088007945e-35,1.0254005721361964e-34,2.445469389200902e-35,2.0661677314938288e-34,3.434749140834487e-33,5.867118272853256e-31,2.8224442095739277e-31,4.2927057463258374e-30,4.7011882909299906e-30,1.2199126054886802e-31,3.039599180942619e-32,2.580137144588558e-29,4.20463693273282e-30,2.5947178059660327e-32,1.2110301595315074e-31,2.6383856479528972e-30,1.0042303785055714e-30,5.389234496305222e-31,9.456265008657109e-33
GB96,2.167640157068737e-50,3.329423815390815e-48,3.0930193950925503e-45,9.412446266837181e-41,6.695506109019484e-38,2.0611878989040172e-36,2.1071270213289653e-36,1.7002945902947912e-35,6.891051531113342e-35,4.142377482442239e-35,7.23583095276274e-35,1.8448664546893497e-35,1.3649535344375012e-34,1.994150549106349e-33,1.5250589094465724e-31,1.408030453094813e-31,2.1323554683027584e-30,3.993388096049507e-30,1.340464654455193e-31,2.5104837424296983e-32,1.5253461834495186e-32,3.7994871593709776e-33,1.143009417812312e-31,5.15826928100445e-31,4.65105718771253e-31,1.3934331073699923e-32,3.246473615882042e-33,8.077259897651066e-35
EG01,4.79287194419039e-54,7.509452370233424e-52,1.4668320631388933e-48,1.8054279376460637e-43,1.9587265417671353e-40,6.105444499096528e-39,6.832625222494512e-39,6.485697701490238e-38,3.4082712797281457e-37,3.431574502711832e-37,6.200146268815597e-37,1.2275942584410879e-37,1.4303003357351932e-36,2.697398401871553e-35,2.5473922527550032e-33,2.3288301277488643e-33,4.0783926799247735e-32,9.573517032700244e-32,1.9319484637878932e-33,4.28033951010728e-34,1.0284682219609141e-32,2.385098605272757e-32,5.677798211817147e-32,1.2351673150326737e-30,2.754488398492319e-30,1.0505034305094386e-31,3.111292239164976e-32,7.033340216324948e-34
EG02,1.4248092181640762e-54,2.228800006166687e-52,4.227379775033222e-49,5.305537762356502e-44,6.060179130917889e-41,1.8949628668652202e-39,2.149457981882773e-39,2.105275230528382e-38,1.1759787537920019e-37,1.4168112679019146e-37,2.521820662790385e-37,4.5025769273233195e-38,6.270631307501651e-37,1.4154431004809747e-35,3.929234154911791e-33,1.5023754626014605e-33,2.680178470919847e-32,3.33847260832918e-32,5.123365371832081e-34,1.5040607639297989e-34,2.4614595194085018e-31,3.515950824627612e-31,3.6034634967073435e-32,1.926870887297923e-30,3.353404562134291e-29,1.7062938663701955e-30,6.6475622790874525e-31,1.3185140309803194e-32
LL17,2.861700159535287e-54,4.476494734175867e-52,8.470332190019019e-49,1.0541706129085637e-43,1.1938128622764759e-40,3.7312082499128006e-39,4.223444190246241e-39,4.1174166586375295e-38,2.2805778538363344e-37,2.690724117109337e-37,4.796314939950954e-37,8.663620874316993e-38,1.1835371346232009e-36,2.632366305354331e-35,7.373856015893359e-33,2.7589754146720066e-33,4.8257297886417154e-32,5.217036427594437e-32,8.811245109439136e-34,2.6133814029880074e-34,4.651472997390373e-31,6.3789006310105025e-31,1.5919324838070588e-32,1.0691432764971299e-30,2.4789161895756316e-29,1.689315294238712e-29,1.468033120251387e-29,1.8904719378472402e-31
IU7,8.060260650801892e-55,1.2608496968448744e-52,2.397422905581185e-49,3.036020626795525e-44,3.5020570222155636e-41,1.0957495377209724e-39,1.2459772029855493e-39,1.2272719896227355e-38,6.929221113784275e-38,8.604928806961191e-38,1.5276312008650885e-37,2.6806927480300454e-38,3.842993002362975e-37,8.926454761911675e-36,2.7610125138487918e-33,9.781471050533748e-34,1.763398142492218e-32,1.8647328817421793e-32,2.980844189804722e-34,9.058242368237414e-35,1.876756139242632e-31,3.3436471629128854e-31,2.93916108959792e-33,2.468014680980801e-31,7.524348249355908e-30,1.1382252183155323e-29,1.830044826908542e-29,9.862448509900582e-32
FIN,1.4639343208125803e-56,2.290030882540388e-54,4.7687988379759296e-51,7.882843225217476e-46,1.1283625687519516e-42,3.570011280298382e-41,4.2493618591552077e-41,4.602768971885905e-40,3.027693893911722e-39,5.1080371631421645e-39,8.887392865152787e-39,1.3250090783847623e-39,2.453506944705135e-38,6.768840257739568e-37,2.7434408499349067e-34,8.530263457592427e-35,1.6689387049868397e-33,1.7451533001495288e-33,2.2804268866521304e-35,7.487682655134904e-36,2.152536661991076e-32,5.265639315215972e-32,3.8085455441171026e-34,3.4137246592335796e-32,1.1121999069918711e-30,1.9581417980979544e-30,3.552155234842899e-30,4.316038349481506e-31
